{"v":"5.5.7","meta":{"g":"LottieFiles AE 0.1.20","a":"","k":"","d":"","tc":""},"fr":24,"ip":0,"op":120,"w":1920,"h":1080,"nm":"Comp 1","ddd":0,"assets":[],"layers":[{"ddd":0,"ind":1,"ty":4,"nm":"Shape Layer 1","sr":1,"ks":{"o":{"a":0,"k":100,"ix":11},"r":{"a":0,"k":0,"ix":10},"p":{"a":0,"k":[960,540,0],"ix":2},"a":{"a":0,"k":[0,0,0],"ix":1},"s":{"a":0,"k":[100,100,100],"ix":6}},"ao":0,"shapes":[{"ty":"gr","it":[{"ind":0,"ty":"sh","ix":1,"ks":{"a":1,"k":[{"i":{"x":0.833,"y":0.833},"o":{"x":0.167,"y":0.167},"t":0,"s":[{"i":[[0,0],[0,0],[0,0],[14,2],[108,-16],[132,16],[154,-18],[122,30]],"o":[[0,0],[0,0],[0,0],[-14,-2],[-108,16],[-132,-16],[-154,18],[-122,-30]],"v":[[-970,284],[-994,564],[996,564],[986,318],[778,338],[400,326],[-72,358],[-726,296]],"c":true}]},{"i":{"x":0.833,"y":0.833},"o":{"x":0.167,"y":0.167},"t":29.032,"s":[{"i":[[0,0],[0,0],[0,0],[14,2],[108.099,-15.972],[138.696,5.707],[163.354,-2.085],[136.305,16.414]],"o":[[0,0],[0,0],[0,0],[-14,-2],[-108.005,15.962],[-127.014,-5.226],[-155.025,1.979],[-165.028,-19.873]],"v":[[-963.986,283.844],[-994,564],[996,564],[986,318],[778,315.943],[396.014,324.226],[-68.354,335.085],[-691.972,293.873]],"c":true}]},{"i":{"x":0.833,"y":0.833},"o":{"x":0.167,"y":0.167},"t":58.064,"s":[{"i":[[53,-7],[0,0],[0,0],[14,2],[121.799,-13.889],[144,29],[192,-14],[155,16]],"o":[[-53,7],[0,0],[0,0],[-14,-2],[-114,13],[-131.377,-26.458],[-154.637,11.276],[-150.803,-15.567]],"v":[[-968,319],[-994,564],[996,564],[986,318],[780,324],[393,296],[-117,310],[-689,335]],"c":true}]},{"i":{"x":0.833,"y":0.833},"o":{"x":0.167,"y":0.167},"t":86.612,"s":[{"i":[[53,-7],[0,0],[0,0],[14,2],[121.213,-18.313],[137,21],[145,-15],[154.092,23.164]],"o":[[-53,7],[0,0],[0,0],[-14,-2],[-139,21],[-155.725,-23.87],[-148.182,15.329],[-153,-23]],"v":[[-966,307],[-994,564],[996,564],[984,313],[726,351],[344,289],[-113,336],[-636,355]],"c":true}]},{"t":118,"s":[{"i":[[0,0],[0,0],[0,0],[14,2],[108,-16],[132,16],[154,-18],[122,30]],"o":[[0,0],[0,0],[0,0],[-14,-2],[-108,16],[-132,-16],[-154,18],[-122,-30]],"v":[[-970,284],[-994,564],[996,564],[986,318],[778,338],[400,326],[-72,358],[-726,296]],"c":true}]}],"ix":2},"nm":"Path 1","mn":"ADBE Vector Shape - Group","hd":false},{"ty":"fl","c":{"a":0,"k":[0,0.7372549019607844,0.8313725490196079,1],"ix":4},"o":{"a":0,"k":100,"ix":5},"r":1,"bm":0,"nm":"Fill 1","mn":"ADBE Vector Graphic - Fill","hd":false},{"ty":"tr","p":{"a":0,"k":[0,0],"ix":2},"a":{"a":0,"k":[0,0],"ix":1},"s":{"a":0,"k":[100,100],"ix":3},"r":{"a":0,"k":0,"ix":6},"o":{"a":0,"k":100,"ix":7},"sk":{"a":0,"k":0,"ix":4},"sa":{"a":0,"k":0,"ix":5},"nm":"Transform"}],"nm":"Shape 1","np":3,"cix":2,"bm":0,"ix":1,"mn":"ADBE Vector Group","hd":false}],"ip":0,"op":721,"st":0,"bm":0}],"markers":[]}